{
    "resize_size": [896, 736],
    "center_crop_size": [896, 736],
    "keep_aspect_ratio": false,
    "color": "bgr",
    "need_transpose": true,
    "mean": [122.67891434, 116.66876762, 104.00698793],
    "std": [255, 255, 255]
}